,0
reddit_subreddits_covered,99.85554268942825
avg_rating_drop,99.62853834424406
mean_rating_after,99.60675509899912
mean_rating_before,99.56892104146841
last_transfer_date,76.72402921247836
last_to_club_id,76.72402921247836
last_from_club_id,76.72402921247836
assists_lag1_diff,29.452094057759993
target_log1p_lag1_diff,29.452094057759993
total_minutes_lag1_diff,29.452094057759993
appearances_count_lag1,29.452094057759993
target_log1p_lag1,29.452094057759993
total_minutes_lag1,29.452094057759993
assists_lag1,29.452094057759993
goals_lag1_diff,29.452094057759993
goals_lag1,29.452094057759993
appearances_count_lag1_diff,29.452094057759993
first_value_log1p,3.4750008598649442
target_eur,3.4750008598649442
value_max_log1p,3.4750008598649442
value_min_log1p,3.4750008598649442
last_club_id,3.4750008598649442
first_club_id,3.4750008598649442
value_change_pct,3.4750008598649442
value_std_filled_log1p,3.4750008598649442
last_date,3.4750008598649442
last_value,3.4750008598649442
last_value_log1p,3.4750008598649442
value_near_season_start,3.4750008598649442
snapshots_count,3.4750008598649442
value_near_season_end_log1p,3.4750008598649442
value_near_season_end,3.4750008598649442
value_near_season_start_log1p,3.4750008598649442
first_value,3.4750008598649442
first_date,3.4750008598649442
value_median,3.4750008598649442
value_std_filled,3.4750008598649442
value_min,3.4750008598649442
last_fee_to_target_ratio,3.4750008598649442
sum_fee_to_target_ratio,3.4750008598649442
max_fee_to_target_ratio,3.4750008598649442
value_median_log1p,3.4750008598649442
value_mean_log1p,3.4750008598649442
value_max,3.4750008598649442
value_mean,3.4750008598649442
foot,2.2528461529642407
height_in_cm,1.6601125849833187
sub_position,0.15936163626566388
date_of_birth,0.06649622232667989
birth_year,0.06649622232667989
age_bucket,0.06649622232667989
name_norm,0.0034394597755179252
current_club_domestic_competition_id,0.0034394597755179252
position,0.0034394597755179252
name,0.0034394597755179252
current_club_id,0.0034394597755179252
player_id,0.0
yellow_cards,0.0
starts_estimate,0.0
mean_minutes,0.0
days_since_last_transfer,0.0
last_transfer_fee,0.0
transfers_zero_fee,0.0
transfers_missing_fee,0.0
transfers_max_fee,0.0
num_unique_injury_types,0.0
transfers_mean_fee,0.0
transfers_sum_fee,0.0
transfers_count,0.0
reddit_fallback_used,0.0
num_injuries,0.0
reddit_neg_ratio,0.0
reddit_mean_compound,0.0
sb_interceptions_per90,0.0
sb_tackles_per90,0.0
reddit_neu_ratio,0.0
reddit_pos_ratio,0.0
reddit_num_comments_used,0.0
reddit_num_posts,0.0
sb_fouls_committed_per90,0.0
sb_clearances_per90,0.0
sb_pass_completion,0.0
sb_fouls_committed,0.0
sb_goals_per_shot,0.0
sb_xg_per_shot,0.0
sb_clearances,0.0
sb_interceptions,0.0
sb_passes_completed,0.0
sb_tackles,0.0
season,0.0
age_at_season_start,0.0
sb_passes,0.0
sb_goals,0.0
sb_xg,0.0
sb_shots,0.0
target_choice,0.0
target_log1p,0.0
assists_per90,0.0
goals_per90,0.0
assists,0.0
goals,0.0
total_minutes,0.0
minutes_per_appearance,0.0
appearances_count,0.0
played_any,0.0
yellow_cards_per90,0.0
red_cards_per90,0.0
has_market_value,0.0
played_any_flag,0.0
season_start_year,0.0
age_at_season_start_missing,0.0
first_match_date,0.0
last_match_date,0.0
red_cards,0.0
distinct_competitions_count,0.0
goals_per90_simple,0.0
minutes_per90,0.0
avg_days_out,0.0
num_present_return,0.0
has_statsbomb,0.0
season_start_date,0.0
yellow_cards_missing,0.0
assists_per90_missing,0.0
goals_per90_missing,0.0
assists_missing,0.0
goals_missing,0.0
starts_estimate_missing,0.0
mean_minutes_missing,0.0
minutes_per_appearance_missing,0.0
total_minutes_missing,0.0
appearances_count_missing,0.0
sb_shots_missing,0.0
red_cards_missing,0.0
sb_goals_missing,0.0
sb_passes_missing,0.0
sb_passes_completed_missing,0.0
distinct_competitions_count_missing,0.0
position_Attack,0.0
position_Defender,0.0
position_Midfield,0.0
position_Goalkeeper,0.0
position_nan,0.0
foot_both,0.0
foot_left,0.0
sb_xg_missing,0.0
reddit_num_posts_missing,0.0
num_injuries_missing,0.0
avg_days_out_missing,0.0
transfers_count_missing,0.0
transfers_sum_fee_missing,0.0
transfers_mean_fee_missing,0.0
days_since_last_transfer_missing,0.0
reddit_mean_compound_missing,0.0
target_log1p_lag1_missing,0.0
sent_x_goals90,0.0
injuries_x_transfers,0.0
goals_per_min,0.0
age_sq,0.0
age_x_mins,0.0
foot_right,0.0
foot_nan,0.0
position_Missing,0.0
goals_lag1_missing,0.0
assists_lag1_missing,0.0
total_minutes_lag1_missing,0.0
appearances_count_lag1_missing,0.0
age_at_season_start_scaled,0.0
age_sq_scaled,0.0
age_x_mins_scaled,0.0
minutes_per_appearance_scaled,0.0
total_minutes_scaled,0.0
appearances_count_scaled,0.0
mean_minutes_scaled,0.0
goals_scaled,0.0
assists_scaled,0.0
goals_per90_scaled,0.0
assists_per90_scaled,0.0
goals_per_min_scaled,0.0
sb_xg_scaled,0.0
sb_shots_scaled,0.0
sb_passes_scaled,0.0
reddit_mean_compound_scaled,0.0
num_injuries_scaled,0.0
transfers_sum_fee_scaled,0.0
days_since_last_transfer_scaled,0.0
